Key,English,Русский,Português (Brasil),Español (España),Deutsch,Français (France),Italiano,Polski,简体中文,日本語,한국어,,,
,en,ru,pt-br,es-es,de,fr-fr,it,pl,zh-cn,jp,ko,,NOTES – use \n for newline,max length
current_language,English,Русский,Português [Brasil],Español,Deutsch,Francais,Italiano,Polski,简体中文,日本語,한국어,,,
,,,,,,,,,,,,,,
,,,,,,,,,,,,,,
,,,,,,,,,,,,,           CREDITS:,
,,,,,,,,,,,,,       Russian Translations by Alex(GoD),
,,,,,,,,,,,,,       Brazilian Portuguese Translations by Absent Friend (Emília),
,,,,,,,,,,,,,       Turkish Translations by Dylan Rhodes,
,,,,,,,,,,,,,       Chinese Translations by SingularityNeko,
,,,,,,,,,,,,,,
,,,,,,,,,,,,,,
,,,,,,,,,,,,,,
,,,,,,,,,,,,,,
,,,,,,,,,,,,,           TRANSLATIONS!!!,
,,,,,,,,,,,,,"   Hi, UserK here! (use quotation marks like this to use commas)",
,,,,,,,,,,,,,   I have tried to clarify some translations via to the best of my abilities; but they may not be perfect; feel free to add edit or remove any notes!!,
,,,,,,,,,,,,,   Please ping me on the Noita Discord; Chemical Curiosities discord or just dm me @UserK on Discord if you have any queries,
,,,,,,,,,,,,,   I would be more than happy to assist in any additions or modifications to the translations and will try my best to answer any questions you may have,
,,,,,,,,,,,,,,
,,,,,,,,,,,,,   Just let me know and I'll help any way I can,
,,,,,,,,,,,,,,
,,,,,,,,,,,,,,
,,,,,,,,,,,,,,
,,,,,,,,,,,,,,
,,,,,,,,,,,,,,
,,,,,,,,,,,,,       Arcane Alchemy,
,,,,,,,,,,,,,,
,,,,,,,,,,,,,   Materials!,
,,,,,,,,,,,,,,
mat_aa_hitself,Stop Hitting Yourself,Перестань Бить Себя,Pare de se bater,,,,,,别打自己了,,,,,
mat_aa_darkmatter,Dark Matter,Тёмная Материя,Matéria escura,,,,,,暗物质,,,,like the scientific form of matter,
mat_aa_static_charge,Static Charge,Статический Заряд,Carga estática,,,,,,静电荷,,,,,
mat_aa_repultium,Repultium,Отталкиватий,Repúlsio,,,,,,排斥魔药,,,,like Repulsion,
mat_aa_hungry_slime,Hungry Slime,Голодная Слизь,Gosma faminta,,,,,,饥饿史莱姆,,,,,
mat_aa_creeping_slime,Creeping Slime,Ползучая Слизь,Gosma sinistra,,,,,,爬行史莱姆,,,,Creeping is used here to indicate a similarity to the 'Creepy Liquid' material,
mat_aa_hungry_slime_growing,Hungry Slime,Голодная Слизь,Gosma faminta,,,,,,饥饿史莱姆,,,,,
mat_aa_ash,Ash,Пепел,Cinzas,,,,,,灰烬,,,,,
mat_aa_soot,Soot,Сажа,Fuligem,,,,,,油烟,,,,,
mat_aa_potion_gas,Potion gas,Газ из зелий,Gás de poção,,,,,,药水气体,,,,,
mat_aa_petrified_moss,Petrified Moss,,Musgo petrificado,,,,,,石化苔藓,,,,,
mat_aa_solidified_slime,Solidified slime,Затвердевшая слизь,Gosma solidificada,,,,,,凝固史莱姆,,,,,
mat_aa_base_potion,Base Potion,Базовое зелье,Poção de base,,,,,,基底药水,,,,,
mat_aa_arborium,Arborium,Древесиум,Arbório,,,,,,化木基质,,,,derived from 'Arbour',
mat_aa_catalyst,Catalyst,Катализатор,Catalisador,,,,,,催化剂,,,,,
mat_aa_light_oil,Light Oil,Лёгкая нефть,Óleo leve,,,,,,轻油,,,,,
mat_aa_heavy_oil,Heavy Oil,Тяжёлая нефть,Óleo pesado,,,,,,重油,,,,,
mat_aa_magic_plastic,Magical plastic,Волшебный пластик,Plástico mágico,,,,,,魔法塑料,,,,,
mat_aa_love,Love,Любовь,Amor,,,,,,爱,,,,,
mat_aa_meagre_offering,A Meagre Offering,Скромное подношение,Uma oferenda insuficiente,,,,,,微薄的供品,,,,,
mat_aa_rice,Rice,Рис,Arroz,,,,,,大米,,,,,
mat_aa_icy_inferno,Icy Inferno,Ледяной ад,Inferno gelado,,,,,,寒冷狱火,,,,,
mat_aa_pandorium,Pandorium,Пандориум,Pandório,,,,,,潘多拉魔药,,,,derived from the mythological 'Pandora's Box',
mat_aa_chaotic_pandorium,Chaotic Pandorium,Хаотический Пандориум,Pandório caótico,,,,,,混沌潘多拉魔药,,,,,
mat_aa_unstable_pandorium,Unstable Pandorium,Нестабильный Пандориум,Pandório instável,,,,,,不稳潘多拉魔药,,,,,
mat_aa_pop_rocks,Pop Rocks,Шипучка,Pop Rocks,,,,,,爆石花,,,,,
mat_aa_condensed_gravity,Condensed Gravity,Сжатая гравитация,Gravidade condensada,,,,,,浓缩引力,,,,,
mat_aa_cloning_solution,Cloning Solution,Раствор для клонирования,Sólução de clonagem,,,,,,克隆溶液,,,,'Solution' as in 'Substance',
mat_aa_compost,Compost,Компост,Adubo,,,,,,堆肥,,,,,
mat_aa_strange_matter,Strange matter,Странная материя,Matéria estranha,,,,,,奇异物质,,,,,
mat_aa_bloom_solid,Bloomium Growth,Росток Блумиума,Crescimento brotânico,,,,,,绽放基质生长物,,,,,
mat_aa_bloom_roof,Bloomium Growth,Росток Блумиума,Crescimento brotânico,,,,,,绽放基质生长物,,,,,
mat_aa_bloom_roof_inert,Bloomium Growth,Росток Блумиума,Crescimento brotânico,,,,,,绽放基质生长物,,,,,
mat_aa_bloom_roof_dead,Bloomium Growth,Росток Блумиума,Crescimento brotânico,,,,,,绽放基质生长物,,,,,
mat_aa_bloom_roof_plant,Bloomium Vine,Лоза Блумиума,Videira brotânica,,,,,,绽放基质藤蔓,,,,,
mat_aa_bloom_roof_plant_dead,Bloomium Vine (Dead),Мёртвая лоза Блумиума,Videira brotânica morta,,,,,,失活的绽放基质藤蔓,,,,,
mat_aa_bloomium,Bloomium,Блумиум,Brotânio,,,,,,绽放基质,,,,,
mat_aa_bloomium_gas,Bloomium Spores,Споры Блумиума,Esporos brotânicos,,,,,,绽放基质孢子,,,,,
mat_aa_divine_slime,Divine Slime,Божественная слизь,Gosma divina,,,,,,神圣史莱姆,,,,,
mat_aa_divine_magma,Divine Magma,Божественная магма,Magma divina,,,,,,神圣熔岩,,,,,
mat_aa_shrinkium,Shrinkium,,,,,,,,缩小魔药,,,,,|RU_missing|PTBR_missing
,,,,,,,,,,,,,,
,,,,,,,,,,,,,,
,,,,,,,,,,,,,   Spells!,
,,,,,,,,,,,,,,
action_repultium_trail,Repultium Trail,След отталкиватия,Rastro de repúlsio,,,,,,排斥魔药轨迹,,,,,
action_desc_aa_repultium_trail,Gives a projectile a trail of repultium,Снаряд оставляет след из отталкиватия,O projétil produz um rastro de repúlsio,,,,,,给予投射物排斥魔药的轨迹,,,,,
action_aa_alchemy_nerf_darts,Nerf Darts,Стрелы из нерф-бластера,Dardos Nerf,,,,,,Nerf飞镖,,,,'Nerf' is a brand for toy-guns with foam darts,
action_desc_aa_alchemy_nerf_darts,A collection of nerf darts for shooting purposes.,Набор стрел для стрельбы из нерф-бластера.,Uma coleção de dardos Nerf para atirar.,,,,,,用于射击的一批Nerf飞镖。,,,,,
action_aa_hungryslime_shot,Hungering Shot,Выстрел голода,Gosma sedenta,,,,,,饥饿一击,,,,,
action_desc_aa_hungryslime_shot,Makes enemies vomit up something nasty,Заставляет врагов изрыгнуть нечто мерзкое,Faz com que os inimigos vomitem algo nojento,,,,,,让敌人吐出恶心的东西,,,,,
action_aa_potion_to_gas,Potions to Gas,Зелья в газ,Das poções ao gás,,,,,,药水气化,,,,,
action_desc_aa_potion_to_gas,Causes nearby potions to evaporate into gas,Превращает ближайшие зелья в газ,Faz com que as poções ao seu redor evaporem em gás,,,,,,将附近的药水蒸发为气体,,,,,
,,,,,,,,,,,,,,
,,,,,,,,,,,,,,
,,,,,,,,,,,,,   Status Effects!,
,,,,,,,,,,,,,,
status_aa_hit_self,Angry Limb,Злая конечность,Membro Furioso,,,,,,愤怒的手臂,,,,,
status_desc_aa_hit_self,Stop hitting yourself!,Перестань бить себя!,Pare de se bater!,,,,,,别打自己了！,,,,,
status_aa_collapse,Collapsing,Схлопывание,Em colapso,,,,,,坍缩,,,,,
status_desc_aa_collapse,You are collapsing in on yourself,Вы схлопываетесь сами в себя,Você está em colapso consigo mesmo,,,,,,你正在自我坍缩。,,,,,
status_aa_static_charge,Static charge,Статический заряд,Carga estática,,,,,,静电荷,,,,,
status_desc_aa_static_charge,You are electrically charged,Вы заряжены электричеством,Você está eletricamente carregado,,,,,,你带有电荷,,,,,
status_aa_sinking,Sinking,Погружение,Afundando,,,,,,沉陷,,,,,
status_desc_aa_sinking,You are being grabbed,Вас что-то хватает,Você está sendo sugado,,,,,,有东西正在拖着你,,,,,
status_aa_repulsion,Repulsion,Отторжение,Repulsão,,,,,,排斥,,,,,
status_desc_aa_repulsion,A mysterious force struggling to be rid of you,Таинственная сила пытается избавиться от вас,Uma força misteriosa está tentando se livrar de você,,,,,,某种试图排斥你的神秘力量,,,,,
status_aa_hungry_vomit,Slime Vomit,Слизистая рвота,Vômito gosmento,,,,,,史莱姆呕吐,,,,,
status_desc_aa_hungry_vomit,You feel something crawling back up,"Вы чувствуете, как что-то ползёт обратно",Você sente algo querendo voltar do seu estômago,,,,,,你感觉喉咙里有东西爬出来,,,,crawling back up your throat,
status_aa_love_potion,LOVE ME,ЛЮБИ МЕНЯ,ME AME,,,,,,爱我,,,,'LOVE ME' and 'PLEASE DONT GO' should give off a 'needy' or 'desperate' vibe,
status_desc_aa_love_potion,PLEASE DONT GO,"ПОЖАЛУЙСТА, НЕ УХОДИ","POR FAVOR, NÃO SE VÁ",,,,,,求求你不要走,,,,,
status_aa_path,Infinite wealth?,Бесконечное богатство?,Riqueza infinita?,,,,,,无尽财富？,,,,,
status_desc_aa_path,Reap what you have sown,"Что посеешь, то и пожнешь",Colha o que plantou,,,,,,自食其果,,,,,
status_aa_icefire,Freezing Inferno,Замораживающий ад,Inferno congelante,,,,,,冰冷狱火,,,,,
status_desc_aa_icefire,Nearby fire burns into frozen vapour,Огонь поблизости превращается в замороженный пар,O fogo ao seu redor se transforma em um vapor congelante,,,,,,附近的火变为冰冻蒸汽,,,,,
status_aa_gravity,Gravitational Anomaly,Гравитационная аномалия,Anomalia gravitacional,,,,,,引力异常,,,,,
status_desc_aa_gravity,Nearby objects fly towards you,Предметы поблизости летят к вам,Objetos ao seu redor são atraídos para você,,,,,,附近的物体向你飞来,,,,,
status_aa_clone,Cloning,Клонирование,Clonagem,,,,,,克隆,,,,,
status_desc_aa_clone,You are being cloned!,Вас клонируют!,Você está sendo clonado!,,,,,,你正在被克隆！,,,,,
status_aa_vomit_spells,Magical Meal,Волшебная трапеза,Refeição mágica,,,,,,魔法餐点,,,,,
status_desc_aa_vomit_spells,This was a terrible snack,Это была ужасная закуска,Isso foi um péssimo lanche,,,,,,真是糟糕的小吃,,,,,
status_aa_vomit_spells_chaotic,Chaotic Meal,Хаотичная трапеза,Refeição caótica,,,,,,混沌餐点,,,,,
status_desc_aa_vomit_spells_chaotic,This was a terrible meal...,Это была ужасная трапеза...,Isso foi uma péssima refeição...,,,,,,真是糟糕的一餐...,,,,,
status_aa_vomit_spells_unstable,Unstable Meal,Нестабильная трапеза,Refeição instável,,,,,,不稳餐点,,,,,
status_desc_aa_vomit_spells_unstable,This was a terrible idea!,Это была ужасная идея!,Isso foi uma péssima ideia!,,,,,,真是糟糕的主意！,,,,,
,,,,,,,,,,,,,,
,,,,,,,,,,,,,,
,,,,,,,,,,,,,   Items!,
,,,,,,,,,,,,,,
item_aa_vial,Vial,,Frasco,,,,,,小瓶,,,,,
item_vial_with_material,Vial of $0,Флакон $0,Frasco de $0,,,,,,$0小瓶,,,,,
item_vial_with_material_description,A glass vial containing $0\nUseful for throwing!,"Стеклянный флакон, содержащий $0",Um frasco de vidro contendo $0,,,,,,含有$0的玻璃小瓶\n适合投掷！,,,,,
nerf_wand,Nerf Gun,,Arminha Nerf,,,,,,Nerf枪,,,,'Nerf' as in the brand for toy-guns with foam darts,|RU_missing
nerf_dart,Nerf Dart,,Dardo Nerf,,,,,,Nerf飞镖,,,,read above,|RU_missing
,,,,,,,,,,,,,,
,,,,,,,,,,,,,,
,,,,,,,,,,,,,   Misc!,
,,,,,,,,,,,,,,
animal_random_spell,Pandorium,Пандориум,Pandório,,,,,,潘多拉魔药,,,,these are the names used for the death message when the player dies to Pandorium,
animal_random_spell chaotic,Chaotic Pandorium,Хаотический Пандориум,Pandório caótico,,,,,,混沌潘多拉魔药,,,,,
animal_random spell unstable,Unstable Pandorium,Нестабильный Пандориум,Pandório instável,,,,,,不稳潘多拉魔药,,,,,
,,,,,,,,,,,,,,
,,,,,,,,,,,,,,
,,,,,,,,,,,,,,
,,,,,,,,,,,,,       Chemical Curiosities!,
,,,,,,,,,,,,,,
,,,,,,,,,,,,,   Materials!,
,,,,,,,,,,,,,,
mat_cc_hydroxide,Hydroxide,Гидроксид,Hidróxido,,,,,,氢氧化物,,,,,
mat_cc_ice_hydroxide,Frozen Hydroxide,,Hidróxido congelado,,,,,,冻结氢氧化物,,,,,
mat_cc_acidic_water,Acidic Water,Кислотная вода,Água acídica,,,,,,酸性水,,,,,
mat_cc_devouring_moss,Devouring Moss,Пожирающий мох,Musgo devorador,,,,,,吞没苔藓,,,,as in Moss that Devours,
mat_cc_ashen_moss,Ashen Moss,,Musgo cinzento,,,,,,灰色苔藓,,,,,
mat_cc_hydroxide_gas,Flammable Gas,Горючий газ,Gás inflamável,,,,,,可燃气体,,,,,
mat_cc_veilium,Veilium,Вуалиум,Véulio,,,,,,遮眼魔药,,,,as in to 'Veil' one's eyes,
mat_cc_sparkling_liquid,Sparkling Liquid,Сверкающая жидкость,Líquido cintilante,,,,,,闪烁液体,,,,,
mat_cc_slicing_liquid,Slicing Liquid,Режущая жидкость,Líquido cortante,,,,,,切割液体,,,,,
mat_cc_glittering_liquid,Glittering Liquid,Блестящая жидкость,Líquido brilhante,,,,,,光耀液体,,,,,
mat_cc_blasting_powder,Blasting Powder,Взрывчатый порох,Pó detonante,,,,,,爆破粉尘,,,,,
mat_cc_methane,Methane Gas,Метан,Metano,,,,,,甲烷气体,,,,,
mat_cc_carbon_dioxide,Carbon Dioxide,Углекислый газ,Dióxido de carbono,,,,,,二氧化碳,,,,,
mat_cc_ectospasm,Ectospasm,Трясун,Ectoespasmo,,,,,,痉挛灵质,,,,name is pun based off the words Ectoplasm and Spasm,|RU_verify
mat_cc_kindling,Kindling,Растопка,Faíscante,,,,,,引火物,,,,,
mat_cc_deceleratium,Deceleratium,Замедлятий,Desacelerácio,,,,,,减速魔药,,,,like Decelerate (antithesis of Acceleratium),
mat_cc_heftium,Heftium,Утяжелятий,Pesádio,,,,,,沉重魔药,,,,like Hefty (antithesis of Levitatium),
mat_cc_stillium,Stillium,Застыватий,Imóvio,,,,,,静止魔药,,,,like Stillness (antithesis of Hastium),
mat_cc_metamorphine,Metamorphine,Метаморфин,Metamorfina,,,,,,质变魔药,,,,'Metamorph' as in like 'Metamorphosis' or to transform,
mat_cc_unstable_metamorphine,Unstable Metamorphine,Нестабильный метаморфин,Metamorfina instável,,,,,,不稳质变魔药,,,,,
mat_cc_explode_player,Agitine,Агитин,Agitínio,,,,,,激发魔药,,,,As in to 'Agitate',
mat_cc_alchemy_powder,Alchemy Powder,Алхимический порошок,Pó de alquimia,,,,,,炼金粉末,,,,,
mat_cc_metastasizium,Metastasizium,Метастазий,Metastisísio,,,,,,扩散魔药,,,,like 'Metastasis' or similar to a cancer in its growth,
mat_cc_nullium,Nullium,Нуллиум,Núlio,,,,,,虚无魔药,,,,like 'nullify',
mat_cc_liberum_magicas,Liberum Magicas,Либерум Маgикас,Liberum Magicas,,,,,,自由魔力,,,,"latin for 'Free Magic', free as in to be free or unshackled",
mat_cc_thunder_powder,Thunder Powder,Грозовой порошок,Pó de trovão,,,,,,雷霆粉末,,,,,
mat_cc_health_tonic,Health Tonic,Тоник здоровья,Tônico saudável,,,,,,生命补剂,,,,,
mat_cc_grease,Grease,Смазка,Graxa,,,,,,油脂,,,,,
mat_cc_dormant_crystal,Dormant Crystal,Спящий кристалл,Cristal inativo,,,,,,休眠晶体,,,,,
mat_cc_dormant_crystal_molten,Liquid Crystal,Жидкий кристалл,Cristal líquido,,,,,,液态晶体,,,,,
mat_cc_uranium,Uranium,Уран,Urânio,,,,,,铀,,,,,
mat_cc_uranium_excited,Excited Uranium,,Urânio excitado,,,,,,激发态铀,,,,,|RU_missing
mat_cc_radioactive_waste,Radioactive Waste,Радиоактивные отходы,Lixo radioativo,,,,,,放射性废料,,,,,
mat_cc_morphine,Morphine,Морфий,Morfina,,,,,,吗啡,,,,,
mat_cc_antimatter_gas,Anti-Matter,Антиматерия,Antimatéria,,,,,,反物质,,,,,
mat_cc_antimatter_liquid,Anti-Matter,Антиматерия,Antimatéria,,,,,,反物质,,,,,
mat_cc_antimatter_powder,Dormant Anti-Matter,Спящая антиматерия,Antimatéria inativa,,,,,,休眠反物质,,,,,
mat_cc_frozen_meat,Frozen Meat,Замороженное мясо,Carne congelada,,,,,,冻肉,,,,,
mat_cc_cobalt,Cobalt,Кобальт,Cobalto,,,,,,钴,,,,,
mat_cc_cobalt_molten,Molten Cobalt,Расплавленный кобальт,Cobalto derretido,,,,,,熔融钴,,,,,
mat_cc_iron,Iron,Железо,Ferro,,,,,,铁,,,,,
mat_cc_iron_molten,Molten Iron,Расплавленное железо,Ferro derretido,,,,,,熔融铁,,,,,
mat_cc_preskite,Preskite,Прескит,Presquiteo,,,,,,普瑞斯克特金属,,,,this material is made up; Squirrelly said 'it sounded cool in my head'. Its name bears a resemblence to the real metal 'Perovskite',
mat_cc_preskite_molten,Molten Preskite,Расплавленный прескит,Presquiteo derretido,,,,,,熔融普瑞斯克特金属,,,,,
mat_cc_ferrine,Ferrine,Феррин,Ferrina,,,,,,铁质流体,,,,derived from Iron's 'Ferri' prefix. such as in Ferrite or its periodic name being FE,
mat_cc_cobaline,Cobaline,Кобалин,Cobalina,,,,,,钴质流体,,,,like 'Cobalt',
mat_cc_crystal_box2d,Dormant Crystal,Спящий кристалл,Cristal inativo,,,,,,休眠晶体,,,,,
mat_cc_persistine,Persistine,Персистин,Persistíneo,,,,,,耐久魔药,,,,like to Persist,
mat_cc_lichtenberg_wood,Lichtenberg Wood,Древесина Лихтенберга,Madeira Lichtenberg,,,,,,电击木,,,,,
mat_cc_lichtenberg_coal,Burnt Wood,Обожжённая древесина,Madeira queimada,,,,,,烧焦的木头,,,,,
mat_cc_warp_powder,Warp Powder,Искажающий порошок,Pó distorcedor,,,,,,跃迁粉末,,,,,
mat_cc_deezium,Deez...,Вот эти...,Esas...,,,,,,阿米诺...,,,,,
mat_cc_warp_sickness,Warp Powder,Искажающий порошок,Pó distorcedor,,,,,,跃迁粉末,,,,,
mat_cc_paradox_powder,Paradox Powder,,Pó paradoxal,,,,,,悖论粉末,,,,,|RU_missing
mat_cc_dull_fungus,Dull Fungus,,Fungo parado,,,,,,虚无真菌,,,,Dull having connotations of numbness or emptiness- somewhat contrasting 'Weird' fungus,|RU_missing
mat_cc_glitchium,Glitchium,,Glitchio,,,,,,故障魔药,,,,like Glitch,|RU_missing
,,,,,,,,,,,,,,
,,,,,,,,,,,,,,
,,,,,,,,,,,,,   Spells!,
,,,,,,,,,,,,,,
action_cc_sea_of_methane,Sea of Methane,Море метана,Mar de Metano,,,,,,甲烷之海,,,,,
action_desc_cc_sea_of_methane,Summons a large body of methane gas,Призывает огромное количество метана,Uma enorme quantidade de metano é evocada,,,,,,在施法者下方召唤一大片甲烷气体,,,,,
action_cc_wispy_flame,Wispy Flame,Языки пламени,Chama Tênue,,,,,,缕状火焰,,,,,
action_desc_cc_wispy_flame,Call forth tongues of flame,Призывает языки пламени,Evoque línguas de chama,,,,,,召唤火舌,,,,,
action_cc_local_shift,Local Shift,Локальный сдвиг,Transformação Local,,,,,,小范围转换,,,,Basically a Fungal Shift but in a localised area,
action_desc_cc_local_shift,Change the world. But not everywhere...,Изменяет мир. Но не везде...,Mude o mundo. Mas não em todo canto.,,,,,,转换这个世界。但并非所有地方...,,,,,
action_cc_metal_seasoning,Chunk of Metal,Кусок металла,Pedaço de metal,,,,,,一块金属,,,,,
action_desc_cc_metal_seasoning,Summon a pile of metal powder,Призывает кучу металлического порошка,Evoque uma pilha de pó de metal,,,,,,召唤一堆金属粉末,,,,,
action_cc_cloud_crystal,Crystal Cloud,Кристаллическое облако,Nuvem de cristal,,,,,,水晶云,,,,,
action_desc_cc_cloud_crystal,Creates a rain of liquid crystals,Создаёт дождь из жидких кристаллов,Cria uma chuva de cristais líquidos,,,,,,创造一片液态水晶云,,,,,
action_cc_cloud_sparkling,Sparkling Cloud,Сверкающее облако,Nuvem cintilante,,,,,,闪烁之云,,,,,
action_desc_cc_cloud_sparkling,Rain hell on all of them.,Пролей на них адский дождь.,Faça chover o inferno em todos eles.,,,,,,淋死他们。,,,,,
action_cc_grease_blast,Explosion of Grease,Взрыв смазки,Explosão de graxa,,,,,,油脂爆炸,,,,,
action_desc_cc_grease_blast,A greasy explosion!,Смачный взрыв!,Uma explosão graxante!,,,,,,充满油脂的爆炸！,,,,,
action_cc_radioactive_shot,Radioactive shot,Радиоактивный выстрел,Disparo radioativo,,,,,,放射性一击,,,,,
action_desc_cc_radioactive_shot,Makes a projectile emit radioactive sparks,Снаряд испускает радиоактивные искры,O projétil emite faíscas radioativas,,,,,,使投射物发出放射性的闪光,,,,,
action_cc_uraniumball,Chunk of Uranium,Кусок урана,Pedaço de urânio,,,,,,一块铀,,,,,
action_desc_cc_uraniumball,A spherical 6.2-kilogram (14 lb) subcritical mass of uranium-235,"Сферическая подкритическая масса урана-235 весом 6,2 кг (14 фунтов)",Uma massa (6.2kg) esférica de urânio-235 em estado subcrítico,,,,,,一块6.2千克(14磅)的亚临界铀-235球体,,,,,
action_cc_antimatter_field_enemy,Personal Antimatter Field,Личное поле антиматерии,Campo de antimatéria pessoal,,,,,,反物质场附身,,,,,
action_desc_cc_antimatter_field_enemy,Causes enemies to tear the world apart around them,Заставляет врагов разрывать мир вокруг себя,Faz com que os inimigos destruam o mundo ao seu redor,,,,,,使敌人撕裂其周围的大地,,,,,
action_cc_sea_of_lightning,Sea of Lightning Powder,Море грозового порошка,Mar de pó de raio,,,,,,雷霆粉末之海,,,,,
action_desc_cc_sea_of_lightning,Summons a large body of highly conductive powder,Призывает огромное количество электропроводящего порошка,Uma enorme quantidade de pó altamente condutivo é evocada,,,,,,召唤一大片高度导电的粉末,,,,,
action_cc_gunpowder_buff,Gunpowder Enhancer,Усилитель пороха,Intensificador de pólvora,,,,,,火药增幅器,,,,,
action_desc_cc_gunpowder_buff,Makes nearby gunpowder more dangerous,Делает ближайший порох опаснее,Converte a polvóra dos arredores para uma versão mais perigosa,,,,,,使附近的火药更加危险,,,,,
action_cc_fire_to_grease,Fire Enhancer,Усилитель огня,Intesificador de fogo,,,,,,火焰增幅器,,,,,
action_desc_cc_fire_to_grease,Causes nearby fires to erupt violently,Заставляет ближайший огонь яростно вспыхнуть,Converte o fogo dos arredores para uma erupção violenta,,,,,,使附近的火焰猛烈爆发,,,,,
action_cc_gunpowder_cloud,Gunpowder Cloud,Пороховое облако,Nuvem de pólvora,,,,,,火药云,,,,,
action_desc_cc_gunpowder_cloud,???,???,???,,,,,,???,,,,"i think the question marks were supposed to be temporary, but at this point this one has been translated twice (clearly a lot of effort), i kinda just wanna leave it as is lmao",
,,,,,,,,,,,,,,
,,,,,,,,,,,,,,
,,,,,,,,,,,,,   Status Effects!,
,,,,,,,,,,,,,,
status_cc_ingestion_methane,Methane Poisoning,Отравление метаном,Envenenamento por metano,,,,,,甲烷中毒,,,,,
status_desc_cc_ingestion_methane,Everything is hazy.,Всё расплывается.,Tudo está nublado.,,,,,,眼前一片模糊。,,,,,
status_cc_blindness,Blinded,Ослепление,Cegueira,,,,,,失明,,,,,
status_desc_cc_blindness,Your eyes don't seem to be helping much.,"Кажется, от глаз мало толку.",Seus olhos não parecem ajudar muito.,,,,,,你的眼睛好像没什么作用了。,,,,,
status_cc_twitchy,Twitchy,Нервный тик,Nervoso,,,,,,抽搐,,,,same as vanilla effect,
status_cc_movement_slower_2x,Slowed,Замедление,Lentidão,,,,,,减速,,,,,
status_desc_cc_movement_slower_2x,You feel sluggish,Вы чувствуете вялость,Você se sente lento,,,,,,你感觉自己慢吞吞,,,,,
status_cc_levitation_slower,Heavy,Тяжесть,Pesado,,,,,,沉重,,,,,
status_desc_cc_levitation_slower,It feels as if your bones are made of lead,"Кажется, ваши кости сделаны из свинца",Você sente como se seus ossos fossem feitos de chumbo,,,,,,你感觉自己的骨头像是铅做的一样,,,,,
status_cc_exploding,Combusting,Самовозгорание,Em combustão,,,,,,燃烧,,,,,
status_desc_cc_exploding,Spontaneous combustion.,Самопроизвольное возгорание.,Combustão espontânea.,,,,,,自燃。,,,,,
status_cc_exploding_era_nova,The Blazing Sun,,,,,,,,,,,,,
status_desc_cc_exploding_era_nova,With my flesh as kindling...\nLight the first dawn of the new world.,Пусть моё пылающее тело\nПусть моё пылающее тело,Com meu corpo como sua lenha...\nCom meu corpo como sua lenha...,Con mi carne como combustible...\nEnciende las primeras luces del nuevo mundo.,Mit meinem Körper als Feuerholz ...\nErleuchtet die erste Morgendämmerung der neuen Welt.,Avec ma chair comme combustible...\nÉveillez la première aube du nouveau monde.,,,焚身作薪......\n为来世破晓...引火吧。,この身を薪に･･･\n次の輪廻の暁を･･･燃やそう,몸을 불태우는 불쏘시개가 되어......\n내세의 새벽을 위해... 불을 밝혀라,,translations taken directly from Honkai: Star Rail (i just think its neat),
status_cc_metastasizium,Infected,Заражение,Infectado,,,,,,感染,,,,,
status_desc_cc_metastasizium,It wants to spread,Оно хочет распространиться,Ele quer se propagar.,,,,,,它想要扩散,,,,,
status_cc_nullium,Nullified,Обессиливание,Nulificado,,,,,,法力失效,,,,,
status_desc_cc_nullium,Your mana is being drained.,Ваша мана истощается.,Sua mana está sendo sugada.,,,,,,你的法力正在减少。,,,,,
status_desc_cc_nullium_dying,Your essence is being neutralised!,,,,,,,,,,,,,
status_cc_edit_wands_everywhere,Tinker Anywhere,Изменение жезлов везде,Altere varinhas em qualquer canto,,,,,,随时修改魔杖,,,,,
status_desc_cc_edit_wands_everywhere,Were the Gods always singing such a lovely tune?,Боги всегда пели такие прекрасные песни?,Os Deuses sempre cantaram essa linda canção?,,,,,,神明们总是在唱着如此动听的旋律吗？,,,,,
status_cc_increase_hp,Health Generation,Восстановление здоровья,Geração de vida,,,,,,生命值提升,,,,,
status_desc_cc_increase_hp,Your maximum health is slowly increasing.,Ваше максимальное здоровье медленно увеличивается.,Seu PV máximo está lentamente aumentando.,,,,,,你的最大生命值在缓慢提升。,,,,,
status_cc_morphine,Painkillers,Болеутоляющие,Analgésicos,,,,,,止痛药,,,,,
status_desc_cc_morphine,You feel unstoppable.,Вы чувствуете себя неудержимым.,Você se sente imparável.,,,,,,你感觉自己势不可挡。,,,,it should be clear you 'feel' unstoppable. because you are taking hard drugs. (medical painkiller technically but still addictive),
status_cc_antimatter,Annihilation,Аннигиляция,Aniquilação,,,,,,湮灭,,,,this is the term for when Matter and Anti-Matter (violently) cancel each-other out,
status_desc_cc_antimatter,Every fibre of your being is getting torn apart!,Каждая клеточка вашего существа разрывается на части!,Toda fibra do seu ser está sendo rasgada!,,,,,,你的每一寸血肉都在被撕裂分解！,,,,,
status_cc_hydroxide,Hydroxide Poisoning,Отравление гидроксидом,Envenenamento por hidróxido,,,,,,氢氧化物中毒,,,,this effect should not be seen in-game; nor should the description below,
status_desc_cc_hydroxide,you're dying lmao,"ты умираешь, лол",vc tá morrendo kkkkk,,,,,,你要死了 乐,,,,,
status_cc_ironskin,Resistance,Сопротивление,Resistência,,,,,,抗性,,,,,
status_desc_cc_ironskin,You recieve less damage,Вы получаете меньше урона,Você recebe menos dano,,,,,,你收到的伤害减少,,,,,
status_cc_warp,Warp,Искажение,Distorção,,,,,,跃迁,,,,,
status_desc_cc_warp,You feel something pulling you in every direction,"Вы чувствуете, как вас тянет во все стороны",Você sente algo te puxar em todas as direções,,,,,,你感觉自己被四处拉扯,,,,,
status_cc_warp_sickness,Warp Sickness,Искажающая болезнь,Enjoo da distorção,,,,,,跃迁眩晕,,,,,
status_desc_cc_warp_sickness,You feel as if your body was just turned inside out,"Кажется, ваше тело только что вывернуло наизнанку",Você sente como se seu corpo foi virado de dentro para fora,,,,,,你感觉自己的内脏好像被翻了出来,,,,,
status_cc_paradox,Paradox,,Paradoxo,,,,,,悖论,,,,,|RU_missing
status_desc_cc_paradox,You feel time slipping.,,Você sente o tempo passar rapidamente.,,,,,,你感觉时间正在流逝。,,,,,|RU_missing
status_cc_null_trip_1,Numb,,Dormente,,,,,,麻木,,,,,|RU_missing
status_desc_cc_null_trip_1,You feel hollow,,Você se sente vazio,,,,,,你感觉空虚,,,,,|RU_missing
status_cc_null_trip_2,Bad Trip,,Bad Trip,,,,,,过激幻觉,,,,referencing the Tripping effect from eating Weird Fungus,|RU_missing
status_desc_cc_null_trip_2,You feel like a corpse reanimated,,Você se sente como um cadaver reanimado,,,,,,你感觉像一具刚复活的尸体,,,,,|RU_missing
status_cc_null_trip_3,Hollowed,,Oco,,,,,,被掏空,,,,,|RU_missing
status_desc_cc_null_trip_3,A pervasive emptiness is flowing through your veins,,Um vazio está fluindo em suas veias,,,,,,你的血液里流淌着弥漫的虚无,,,,,|RU_missing
status_cc_null_trip_4,Null,,Nulo,,,,,,空无,,,,,|RU_missing
status_desc_cc_null_trip_4,The Universe is losing meaning,,O universo está perdendo o sentido,,,,,,宇宙正在失去意义,,,,,|RU_missing
status_cc_nullified_trip,Something is missing,,Algo está faltando,,,,,,某些东西消失了,,,,,|RU_missing
statusdesc_cc_nullified_trip,You feel as though the universe is emptier than it once was,,Você sente como se o universo estivesse mais vazio do que antes,,,,,,你感觉宇宙比之前更加空寂了,,,,,|RU_missing
statis_cc_radstage_1,Radiation Poisoning,,Envenenamento por radiação,,,,,,辐射中毒,,,,,
statis_cc_desc_radstage_1,Exposure to radiation is causing problems!\nRadcount: $0,,A exposição à radiação está causando problemas!\Rad: $0,,,,,,暴露在辐射下引发了问题！\n辐射值：$0,,,,'Rads' is what Radiation is generally measured in,
statis_cc_radstage_2,Irradiated,,Irradiado,,,,,,受辐射,,,,,
statis_cc_desc_radstage_2,You feel a tingling sensation... you feel vulnerable\nRadcount: $0,,Você sente uma sensação de formigamento... Você se sente vulnerável\nRad: $0,,,,,,你感觉刺痛...你觉得自己有些脆弱\n辐射值：$0,,,,indicating that immunities are being disabled,
statis_cc_radstage_3,Radiation Positioning,,Posicionamento radioativo,,,,,,辐射定位,,,,,
statis_cc_desc_radstage_3,You're shivering in the warmth.\nRadcount: $0,,Você está se tremendo de calor.\nRad: $0,,,,,,温暖使你颤抖。\n辐射值：$0,,,,oxymoron with 'shivering' normally denoting coldness or chills,
statis_cc_radstage_4,Radiation Burns,,Queimaduras por radiação,,,,,,辐射烧伤,,,,,
statis_cc_desc_radstage_4,You're flinching from the burns.\nRadcount: $0,,Você está estremecendo por conta das queimaduras.\nRad: $0,,,,,,烧伤使你畏缩。\n辐射值：$0,,,,,
statis_cc_radstage_5,Mutation,,Mutação,,,,,,突变,,,,,
statis_cc_desc_radstage_5,New appendages sprout forth!\nRadcount: $0,,Novos apêndices brotam!\nRad: $0,,,,,,新的肢体长出来了！\n辐射值：$0,,,,referring to the leggy limbs,
statis_cc_radstage_6,Radiation gives you Superpowers!,,A radiação te dá Superpoderes!,,,,,,辐射给予了你超能力！,,,,,
statis_cc_desc_radstage_6,"You feel you should turn back now\nRadcount: $0\n\nThis is about as far as I've coded, sorgy :(",,"Você sente que seria melhor voltar atrás, agora.\nRad: $0",,,,,,你觉得自己应该回头了\n辐射值：$0,,,,,
statis_cc_radstage_7,Internal Burns,,Queimaduras internas,,,,,,内脏烧伤,,,,,
statis_cc_desc_radstage_7,You feel going further would have dangerous consequences\nRadcount: ???,,Você sente que ir mais longe do que isso poderá ter consequências perigosas\nRad: ???,,,,,,你感觉继续下去的话会有危险的后果\n辐射值：???,,,,radcount reader can no longer interpret the radcount,
statis_cc_radstage_8,RNA Recompiled,,RNA recompilado,,,,,,RNA重编译,,,,,
statis_cc_desc_radstage_8,You feel any mutations from now on out are here to stay\nRadcount: Numbers are losing meaning,,Você sente que qualquer mutação a partir desse ponto estaram aqui para ficar\nRad: Números estão perdendo o sentido,,,,,,你感觉今后任何的突变都会一直留下来了\n辐射值：数字已经没什么意义了,,,,radcount reader gives up on conveying your radcount,
statis_cc_radstage_9,Radioactive Wasted,,Radioativamente chapado,,,,,,辐射烂醉,,,,'Wasted' as in Radioactive Waste and when you are Wasted,
statis_cc_desc_radstage_9,Your veins flow with toxic radiation\nRadcount: But... what's beyond... ?,,Suas veias fluem com radiação impura\nRad: Mas... o que há além disso?...,,,,,,你的血液中流淌着污浊的辐射\n辐射值：但是...这之后还有什么...?,,,,radcount is beginning to question the limits,
statis_cc_radstage_10,Chaotic Mutations,,Mutações caóticas,,,,,,混沌突变,,,,,
statis_cc_desc_radstage_10,You've lost control of your very being\nRadcount: A small price...,,Você perdeu controle do seu próprio ser\nRad: Um pequeno preço...,,,,,,你失去了对自身的掌控\n辐射值：一个微不足道的代价...,,,,"at this point, radcount reader is invested and is on this journey with you- curious to a dangerous degree",
statis_cc_radstage_11,Divine Warning,,Aviso divino,,,,,,神圣警告,,,,,
statis_cc_desc_radstage_11,"The heavens command that you cease this folly\nRadcount: They can beg all they like, keep going.",,"Os ceús ordernam que você pare isso\nRad: Eles podem implorar o quanto quiserem, continue.",,,,,,众神命令你停止\n辐射值：他们爱乞求就乞求吧，继续继续,,,,"radcount reader outright blaspheming the Gods in pursuit of reaching the end",
statis_cc_radstage_12,Nuclear Overdrive,,Overdrive nuclear,,,,,,核过载,,,,,
statis_cc_desc_radstage_12,"Every fibre of your being is under attack\nRadcount: You are on the precipice...\nJust, a, little, bit, further...!",,"Toda fibra do seu ser está sob ataque\nRad: Você está no precipício...\nSó, mais, um, pouquinho...!",,,,,,你的每一寸血肉都在被攻击！\n辐射值：就差临门一脚了...\n再，坚持，一下...！,,,,,
statis_cc_radstage_13,Radiant Blessing,,Bênção radiante,,,,,,光明之佑,,,,this stage is only properly viewable if the player has the radiation immunity perk (not to be confused with toxic immunity perk),
statis_cc_desc_radstage_13,"Beautiful beams radiate forth!\nThe mechanism appears to have burst.",,Belos raios irradiam!\nO mecanismo parece ter explodido.,,,,,,灿烂的光芒辐照四处！\n机械好像爆炸了。,,,,radcount reader has been destroyed,
,,,,,,,,,,,,,,
,,,,,,,,,,,,,,
,,,,,,,,,,,,,   Items!,
,,,,,,,,,,,,,,
item_cc_runestone_crystal,Runestone of Crystals,Рунный камень кристаллов,Pedra rúnica de cristais,,,,,,水晶符石,,,,,
itemdesc_runestone_crystal,Converts nearby liquids to a beautiful crystalline liquid,Превращает ближайшие жидкости в красивую кристаллическую жидкость,Converte líquidos ao seu redor em um lindo líquido cristalino,,,,,,将附近的液体变为美丽的液态水晶,,,,unused- currently uses default runestone description,
item_runestone_spells,Runestone of Spells,Рунный камень заклинаний,Pedra rúnica de feitiços,,,,,,法术符石,,,,,
itemdesc_runestone_spells,Converts nearby liquids into a flurry of spells,,Converte projéteis ao seu redor em um aglomerado de feitiços,,,,,,将附近的液体变为一阵法术,,,,flurry meaning almost like a blizzard or gust of spells; a large chaotic cloud/collection of them,|RU_missing
,,,,,,,,,,,,,,
,,,,,,,,,,,,,,
,,,,,,,,,,,,,   Miscellaneous,
,,,,,,,,,,,,,,
log_cc_tinkersong_secret,The Gods sing along to your song,,Os Deuses cantam juntos com sua canção,,,,,,众神与你一同歌唱,,,,,|RU_missing
log_cc_tinkersong_secrect_desc,Can you hear them?,,Você consegue ouvi-los?,,,,,,你能听见他们吗？,,,,,|RU_missing
log_cc_mutagen_superpowers,Mutagen Upgrade,,Upgrade Mutagen,,,,,,诱变升级,,,,,|RU_missing
log_cc_mutagen_superpowers_desc,Radiation gives you superpowers!,,A radiação te dá superpoderes!,,,,,,辐射给予了你超能力！,,,,,|RU_missing
log_cc_nullified_trip_00,Your sense of reality flickers,,O seu sentido da realidade tremula,,,,,,你对现实的感知变动了,,,,,|RU_missing
log_cc_nullified_trip_01,You sense something is missing,,Você sente que algo está faltando,,,,,,你感觉到某物缺失了,,,,,|RU_missing
log_cc_nullified_trip_02,Something has lost meaning,,Algo perdeu o sentido,,,,,,某物失去了意义,,,,,|RU_missing
log_cc_nullified_trip_03,You feel a void in the cosmos,,Você sente um vazio nos cosmos,,,,,,你感觉到宇宙出现了虚无,,,,,|RU_missing
log_cc_nullified_trip_04,The universe feels emptier,,O universe parece mais vazio,,,,,,你感觉到宇宙更加空寂了,,,,,|RU_missing
log_cc_nullified_trip_05,You feel a vague sense of loss,,Você sente uma vaga sensação de perda,,,,,,你感受到了朦胧的丧失感,,,,,|RU_missing
logdesc_cc_nullified_trip,You hear something fade into quiet obscurity,,Você escuta algo desaparecer silenciosamente e obscuramente,,,,,,你听见某物遁入了虚无,,,,,|RU_missing
log_cc_paradox_warp,You feel as if you are no longer in the same place...,,Você sente que não está mais no mesmo lugar...,,,,,,你感觉自己不在同一个地方了...,,,,,|RU_missing
death_cc_morphine,Careful with those painkillers,,Cuidado com esses analgésicos,,,,,,谨慎服用止痛药,,,,death msg from when you die to something while Morphine is obfuscating your HP,|RU_missing
death_cc_antimatter,Annihilation,,,,,,,,,,,,annihilation specifically being the term for when Matter and Anti-Matter neutralise one another,
cc_shield_depleted,Shield Depleted!,,,,,,,,,,,,,
,,,,,,,,,,,,,,
,,,,,,,,,,,,,,
,,,,,,,,,,,,,,
,,,,,,,,,,,,,       Mystical Mixtures!,
,,,,,,,,,,,,,,
,,,,,,,,,,,,,   Materials!,
,,,,,,,,,,,,,,
mat_mm_bingus,Bingus,Бингус,Bingus,,,,,,哈基米,,,,"search 'bingus cat', its the furless one",
mat_mm_bingus_wetfood,Wetfood,Влажный корм,Ração úmida,,,,,,湿猫粮,,,,cat wet food (mealtime food),
mat_mm_meat_bingus,Bingus,Бингус,Bingus,,,,,,哈基米,,,,,
mat_mm_catfood_container,Catfood Container,Контейнер для кошачьего корма,Container de ração para gatos,,,,,,猫粮罐头,,,,short can that contains cat Wetfood,
mat_mm_alchemical_solvent,Alchemical Solvent,Алхимический растворитель,Solvente universal,,,,,,炼金溶剂,,,,,
desc_mm_alchemical_solvent,Alchemical solvent is a material which is used to create mystical solutions.,"Алхимический растворитель — это материал, который используется для создания мистических растворов.","O solvente universal é um material que é usado para criar soluções místicas.",,,,,,炼金溶剂是一种用于制造神秘溶液的材料。,,,,,
mat_mm_alchemical_base,Alchemical Base,Алхимическая основа,Base alquímica,,,,,,炼金基底,,,,base like a foundation of alchemy,
desc_mm_alchemical_base,The base of all proper alchemy.,Основа всей правильной алхимии.,A base de toda alquimia adequada.,,,,,,所有真正炼金的基础。,,,,,
mat_mm_ephemeral_ether,Ephemeral Ether,Эфемерный эфир,Éter efêmero,,,,,,瞬息以太,,,,,
desc_mm_ephemeral_ether,A volatile substance which evaporates quickly.\nA side product of many alchemical processes.\nUses are yet unknown.,"Летучее вещество, которое быстро испаряется.\nПобочный продукт многих алхимических процессов.\nПрименение пока неизвестно.","Uma substância volátil que evapora rapidamente.\nUm produto secundário de vários processos alquímicos.\nOs usos ainda são desconhecidos.",,,,,,一种快速蒸发的活泼物质。\n许多炼金过程的副产物。\n用途仍不明确。,,,,,
mat_mm_desc_submystery,Substitate Nymphium,,Nínfio substitato,,,,,,地之馈赠魔药,,,,please DM @userk on discord if you are translating this,
mat_mm_ephemeral_ether_gas,Ephemeral Ether Gas,Газообразный эфемерный эфир,Gás de éter efêmero,,,,,,瞬息以太气体,,,,,
desc_mm_ephemeral_ether_gas,The evaporated form of Ephemeral Ether.,Испарённая форма эфемерного эфира.,A forma evaporada do éter efêmero.,,,,,,蒸发形态的瞬息以太。,,,,,
mat_mm_gold_solution,Gold Solution,Раствор золота,Solução dourada,,,,,,黄金溶液,,,,,
desc_mm_gold_solution,"A solution of gold in an alchemical solvent.\nIt can be used in a variety of recipes, notably modifying wand capacity.","Раствор золота в алхимическом растворителе.\nЕго можно использовать во множестве рецептов, в частности, для изменения вместимости жезла.","Uma solução de ouro em solvente alquímico.\nPode ser usada em uma variedade de receitas, principalmente mudando a capacidade da varinha.",,,,,,"黄金在炼金溶剂中的溶液。\n可在许多配方中使用，尤其是修改法杖容量。",,,,,
mat_mm_replicating_agent,Replicating Agent,Реплицирующий агент,Agente de replicação,,,,,,复制剂,,,,'Agent' like a liquid or substance that serves a function,
desc_mm_replicating_agent,A substance which through mystical means appears to clone other liquid substances.,"Вещество, которое с помощью мистических средств, по-видимому, клонирует другие жидкие вещества.","Uma substância que, por meios místicos, parece clonar outras substâncias líquidas.",,,,,,一种能够通过神秘方式克隆其他液体的物质。,,,,,
mat_mm_diluted_mana,Diluted Mana,Разбавленная мана,Mana diluído,,,,,,稀释法力,,,,,
desc_mm_diluted_mana,Mana diluted in an alchemical base.\nCan be used for modifying wand mana capacity.,"Мана, разбавленная в алхимической основе.\nМожет использоваться для изменения вместимости маны жезла.","Mana diluído em uma base alquímica.\nPode ser usada para modificar a capacidade de mana da varinha.",,,,,,稀释在炼金基底中的法力。\n可以用来修改法杖的法力容量。,,,,,
mat_mm_refined_mana,Refined Mana,Очищенная мана,Mana refinado,,,,,,精炼法力,,,,,
desc_mm_refined_mana,"Mana refined with Hydroxide.\nIt can be used in a variety of recipes, notably improving the speed at which wands gain mana.","Мана, очищенная гидроксидом.\nЕё можно использовать во множестве рецептов, в частности, для увеличения скорости получения маны жезлами.","Mana refinado com hidróxido.\nPode ser usado em uma variedade de receitas, principalmente melhorando o tempo de recarga de mana da varinha.",,,,,,"使用氢氧化物精炼的法力。\n可在许多配方中使用，尤其是提升法杖的法力恢复速度。",,,,,
mat_mm_refined_mana_gas,Evaporated Mana,Испарённая мана,Mana evaporado,,,,,,蒸发法力,,,,,
desc_mm_refined_mana_gas,The evaporated form of Refined Mana.,Испарённая форма очищенной маны.,A forma evaporada de mana refinado,,,,,,蒸发形态的精炼法力。,,,,,
mat_mm_arcane_flux,Arcane Flux,Тайный поток,Fluxo arcano,,,,,,奥术流体,,,,Arcane being ancient-magic or mystical. Flux being a sort of chaos or not static,
desc_mm_arcane_flux,"This substance is used to weld various spells together, to variable success.","Это вещество используется для соединения различных заклинаний, с переменным успехом.","Essa substância é usada para unir vários feitiços juntos, o sucesso desse procedimento é variável.",,,,,,"此物质可以用来将各种法术焊接在一起，成功程度各异。",,,,,
mat_mm_mystic_alloy,Mystic Alloy,Мистический сплав,Liga mística,,,,,,神秘合金,,,,,
desc_mm_mystic_alloy,An alloy made from the remnants of a broken wand.\nIt is not very useful by itself however it is used in the creation of Arcane Flux,"Сплав, изготовленный из остатков сломанного жезла.\nСам по себе он не очень полезен, однако используется при создании тайного потока.","Uma liga feita a partir dos restos de uma varinha quebrada.\nNão é muito útil por si só, mas é usada na criação de fluxo arcano.",,,,,,使用损坏的法杖制成的合金。\n本身不怎么有用，但可用于奥术流体的制取。,,,,,
reac_gold_solution,A Solution of Gold,Раствор золота,Uma solução de ouro,,,,,,黄金的溶液,,,,,
reac_desc_gold_solution,Gold can be dissolved in an Alchemical Solvent to be in a more usable form for future recipes.,"Золото можно растворить в алхимическом растворителе, чтобы получить более удобную форму для будущих рецептов.","O ouro pode ser dissolvido em um solvente alquímico para ficar em uma forma mais utilizável para receitas futuras.",,,,,,黄金可以溶解在炼金溶剂中，以变成一种在未来配方中更有用的形态。,,,,,
reac_mana_dilution,The Dilution of Mana,Разбавление маны,A diluição de mana,,,,,,法力的稀释,,,,,
reac_desc_mana_dilution,Concentrated Mana can be diluted in an Alchemical Base to be in a more usable form for future recipes.,"Концентрированную ману можно разбавить в алхимической основе, чтобы получить более удобную форму для будущих рецептов.",,,,,,,汇聚法力可以在炼金基底中稀释，以变成一种在未来配方中更有用的形态。,,,,,
reac_mana_refining,The Refining of Mana,Очищение маны,O refinamento de mana,,,,,,法力的精炼,,,,,
reac_desc_mana_refining,"Diluted Mana can be refined by mixing with Hydroxide, refined mana has limited usecases but it can be useful.","Разбавленную ману можно очистить, смешав с гидроксидом; очищенная мана имеет ограниченное применение, но может быть полезна.","Mana diluída pode ser refinada misturando-a com hidróxido.\nO mana refinado tem usos limitados, mas pode ser útil.",,,,,,"稀释法力可以通过与氢氧化物混合来达成精炼，精炼法力的用途不多，但仍然有用。",,,,,
reac_mystic_alloy,Refining a Mystic Alloy,Очищение мистического сплава,Refinando uma liga mística,,,,,,神秘合金的精炼,,,,,
reac_desc_mystic_alloy,"Wands are made of a special alloy, by taking a Broken Wand and melting it down with Alchemical Solvent it can be reduced to Mystic Alloy.","Жезлы изготовлены из специального сплава; взяв сломанный жезл и расплавив его с помощью алхимического растворителя, можно получить мистический сплав.","Varinhas são feitas de uma liga especial, uma varinha quebrada derretida com solvente alquímico pode ser reduzida para liga mística.",,,,,,"法杖由一种特殊的合金制成，将破损法杖用炼金溶剂溶解可将其化为神秘合金。",,,,,
reac_arcane_flux_creation,Creation of Arcane Flux,Создание тайного потока,Criação de fluxo arcano,,,,,,奥术流体的制取,,,,,
reac_desc_arcane_flux_creation,Arcane Flux is a substance which can be used to weld spells together.\nA mixture of Refined Mana and Mystic Alloy when left in open air will eventually form Arcane Flux.,"Тайный поток — это вещество, которое можно использовать для соединения заклинаний.\nСмесь очищенной маны и мистического сплава, оставленная на открытом воздухе, со временем превратится в тайный поток.","O fluxo arcano é uma substância que pode ser utilizada para unir feitiços.\nUma mistura de mana refinado e liga mística, quando deixada ao ar livre, acabará formando fluxo arcano.",,,,,,奥术流体是一种可以用来焊接法术的物质。暴露在空气中的精炼法力和神秘合金的混合物会最终形成奥术流体。,,,,,
reac_wand_capacity,Wand capacity,Вместимость жезла,Capacidade de varinha,,,,,,法杖容量,,,,,
reac_desc_wand_capacity,"Wands are a the best friend of wizards and witches alike.\nHowever they can only hold a limited amount of spells.\nIt is known that A Solution of Gold together with an Alchemical Base can adjust the capacity of a wand, but it may not always turn out as expected.","Жезлы — лучшие друзья волшебников и ведьм.\nОднако они могут содержать только ограниченное количество заклинаний.\nИзвестно, что раствор золота вместе с алхимической основой может регулировать вместимость жезла, но результат не всегда предсказуем.","Varinhas são as melhores amigas de todos os feiticeiros.\nNo entanto, elas só podem conter uma quantidade limitada de feitiços.\nSabe-se que uma solução de ouro junto com uma base alquímica pode ajustar a capacidade de uma varinha, mas nem sempre o resultado pode ser o esperado.",,,,,,"不论是法师还是巫师，法杖都是他们最好的朋友。\n然而它们只能一次装载有限量的法术。\n已知黄金溶液可以和炼金基底一起调整法杖的容量，但结果并不一定如意。",,,,,
reac_mana_capacity,Mana capacity,Вместимость маны,Capacidade de mana,,,,,,法力容量,,,,,
reac_desc_mana_capacity,"Wands can only hold a limited pool of mana at a time, this can be frustrating for the more advanced magic users among us.\nHowever one way to increase this pool is to infuse the wand with mana.\nConcentrated Mana is too strong to be used directly, but when diluted it can be used to increase the mana capacity of a wand.","Жезлы могут содержать только ограниченный запас маны; это может расстраивать более продвинутых магов.\nОднако один из способов увеличить этот запас — наполнить жезл маной.\nКонцентрированная мана слишком сильна для прямого использования, но в разбавленном виде её можно использовать для увеличения вместимости маны жезла.","As varinhas só podem armazenar uma quantidade limitada de mana por vez, o que pode ser frustrante para os usuários de magia mais avançados entre nós.\nNo entanto, uma maneira de aumentar essa quantidade é infundir mana na varinha.\nO mana concentrado é muito forte para ser usado diretamente, mas quando diluído, pode ser usado para aumentar a capacidade de mana de uma varinha.",,,,,,"法杖一次只能容纳有限量的法力，这对于我们之中更为进阶的施法者而言可能会很苦恼。\n但是有一种办法可以扩大这个容量，那就是以法力灌注法杖。\n汇聚法力过强无法直接使用，但稀释后可以用来增加法杖的法力容量。",,,,,
reac_mana_charge,Mana regeneration,Восстановление маны,Regeneração de mana,,,,,,法力恢复速度,,,,,
reac_desc_mana_charge,Wands refill their mana pool over time by absorbing mana from the surrounding environment.\nA wand can be made more efficient at this by infusing it with Refined Mana.,"Жезлы со временем пополняют свой запас маны, поглощая ману из окружающей среды.\nЖезл можно сделать более эффективным в этом отношении, наполнив его очищенной маной.","As varinhas reabastecem sua reserva de mana ao longo do tempo, absorvendo mana do ambiente ao redor.\nUma varinha pode se tornar mais eficiente nisso ao infundi-la com mana refinado.",,,,,,法杖通过从周围环境吸收法力来逐渐填充自身的法力池。将法杖灌注精炼法力后，其这一过程的效率会提升。,,,,,
reac_flux_welding,Flux Welding,Сварка потоком,União por fluxo arcano,,,,,,流体焊接,,,,,
reac_desc_flux_welding,"Arcane Flux can be used to weld spells together, this however is a very volatile process and results are variable.\nAlso note that the spell will be more expensive to cast based on what you weld to it.","Тайный поток можно использовать для соединения заклинаний, однако это очень нестабильный процесс, и результаты могут быть разными.\nТакже обратите внимание, что стоимость заклинания увеличится в зависимости от того, что вы к нему приварите.","O fluxo arcano pode ser usado para unir feitiços, porém, este é um processo muito volátil e os resultados são variáveis.\nObserve também que o feitiço irá custar mais mana para ser conjurado com base no que você unir a ele.",,,,,,"奥术流体可以用来将法术焊接到一起，但这个过程非常不稳定，结果也存在不确定性。\n同时要注意，焊接后法术的施放成本会根据用于焊接的法术增加。",,,,,
reac_replicating_agent,Procurement of a Replicating Agent,,Aquisição de um agente de replicação,,,,,,复制剂的制取,,,,,|RU_missing
reac_desc_replicating_agent,"By mixing a base, a solvent, and a byproduct of other alchemical processes, you may come across an agent that is able to replicate various materials.",,"Ao misturar uma base, um solvente e um subproduto de outros processos alquímicos, você pode encontrar um agente capaz de replicar vários materiais.",,,,,,"通过混合一种基底、一种溶剂和一种其他炼金过程的副产品，你可能会获得一种能够复制多种材料的制剂。",,,,,|RU_missing
,,,,,,,,,,,,,,
,,,,,,,,,,,,,,
,,,,,,,,,,,,,   Items!,
,,,,,,,,,,,,,,
item_mm_bingus,Bingus,,Bingus,,,,,,哈基米,,,,name of aforementioned furless 'bingus' cat,|RU_missing
item_mm_bingus,Some kind of strange critter.,,Um tipo de bichinho estranho...,,,,,,某种奇怪的生物。,,,,,|RU_missing
item_mm_can,Can,,Lata,,,,,,罐头,,,,,|RU_missing
item_can_with_material,Can of $0,Банка $0,Lata de $0,,,,,,$0罐头,,,,,
item_can_with_material_description,A Can containing $0,"Банка, содержащая $0",Uma lata contendo $0,,,,,,含有$0的罐头,,,,,
,,,,,,,,,,,,,,
,,,,,,,,,,,,,Alchemy Journal:,
item_mm_alchemy_journal,Alchemy Journal,,Diário Alquimico,,,,,,炼金术日志,,,,,|RU_missing
itemdesc_mm_alchemy_journal,A recipe book of sorts for alchemists.,,Um livro de receitas para alquimistas,,,,,,炼金术士的某种配方书。,,,,,|RU_missing
log_mm_lab_note_pickup,A new entry has been added to your Alchemy Journal,В ваш алхимический журнал добавлена новая запись,Um novo registro foi adicionado ao seu Diário Alquimico,,,,,,你的炼金术日志增加了新的条目,,,,,
note_mm_labnote_entry,Lab Note #$0: $1,Лабораторная запись №$0: $1,Nota laboratorial #$0: $1,,,,,,实验笔记$0：$1,,,,,
title_mm_alchemist_journal,Alchemy Journal,Алхимический журнал,Diário Alquimico,,,,,,炼金术日志,,,,,
desc_mm_alchemist_journal,"The journal of an alchemist, who has been studying the arcane arts for a long time. Many pages appear to be torn out..","Журнал алхимика, который долгое время изучал тайные искусства. Многие страницы, кажется, вырваны...",,,,,,,"一位炼金术士的日志，他对奥秘之术有许久的研究。许多页好像都被撕掉了...",,,,,
,,,,,,,,,,,,,,
,,,,,,,,,,,,,,
,,,,,,,,,,,,,,
,,,,,,,,,,,,,       Fluent Fluids,
,,,,,,,,,,,,,,
,,,,,,,,,,,,,   Materials!,
mat_ff_water_powder,Dried Water,Высушенная вода,Água seca,,,,,,干燥水,,,,intentionally paradoxical,
mat_ff_powder_generic,$0 Powder,Порошок $0,Pó de $0,,,,,,$0粉末,,,,,
mat_ff_candy_generic,$0 Candy,Конфета $0,Doce de $0,,,,,,$0糖果,,,,,
mat_ff_gas_generic,$0 Gas,Газ $0,Gás de $0,,,,,,$0气体,,,,,
,,,,,,,,,,,,,,
,,,,,,,,,,,,,,
,,,,,,,,,,,,,,
,,,,,,,,,,,,,       Terror.,
,,,,,,,,,,,,,,
,,,,,,,,,,,,,   Materials!,
,,,,,,,,,,,,,,
mat_terror_teleportatium,Terrorportatium,Ужаспортий,Terrortransportácio,,,,,,惊悚传送魔药,,,,a pun on the words Terror and Teleportatium. default to 'Terrifying Teleportatium' format if a similar pun/wordplay is not viable,
mat_terror_pandorium,Terrifying Pandorium,Ужасающий пандориум,Pandório aterrorizante,,,,,,惊悚潘多拉魔药,,,,,
mat_terror_water,Terrifying Water,Ужасающая вода,Água aterrorizante,,,,,,惊悚水,,,,,
,,,,,,,,,,,,,,
,,,,,,,,,,,,,,
,,,,,,,,,,,,,   Status Effects!,
,,,,,,,,,,,,,,
status_terror_teleport,Dangerous Relocation,Опасное перемещение,Realocação perigosa,,,,,,危险传送,,,,,
status_desc_terror_teleport,You feel as though the universe is out to get you,"Вы чувствуете, что вселенная хочет вас достать",Você sente como se o universo está atrás de te pegar,,,,,,你感觉宇宙要来取走你的性命了,,,,,
status_terror_vomit_spells,Terrible Meal!,Ужасная трапеза!,Péssima refeição!,,,,,,糟透的一餐！,,,,,
status_desc_terror_vomit_spells,This was an awful idea!\nSuffer.,Это была ужасная идея!\nСтрадай.,Isso foi uma péssima ideai!\nSofra.,,,,,,这主意糟透了！\n受死吧。,,,,,
,,,,,,,,,,,,,,
,,,,,,,,,,,,,,
,,,,,,,,,,,,,   Items!,
,,,,,,,,,,,,,,
item_runestone_terror,Runestone of Terror,Рунный камень ужаса,Pedra rúnica de terror,,,,,,惊悚符石,,,,,
itemdesc_runestone_terror,You feel as though dropping this would be a terrible idea...,"Вам кажется, что бросать это — плохая идея...",Você sente que deixar isso cair seria uma péssima ideia...,,,,,,你感觉放下这东西将会是个非常糟糕的主意...,,,,,
,,,,,,,,,,,,,,
,,,,,,,,,,,,,,
,,,,,,,,,,,,,   Misc!,
,,,,,,,,,,,,,,
animal_random_spell_terror,Terrifying Pandorium,Ужасающий пандориум,Pandório aterrorizante,,,,,,惊悚潘多拉魔药,,,,,
,,,,,,,,,,,,,,
,,,,,,,,,,,,,,
,,,,,,,,,,,,,,
,,,,,,,,,,,,,,
,,,,,,,,,,,,,,
,,,,,,,,,,,,,       Compatibility,
,,,,,,,,,,,,,,
,,,,,,,,,,,,,   Glimmers Expanded!,
,,,,,,,,,,,,,,
action_name_cc_glimmer_hydroxide,Hydroxide Glimmer,,,,,,,,,,,,,|RU_missing|PTBR_missing|CN_missing
action_desc_cc_ge_glimmer_hydroxide,Gives a projectile a corrosive sparkly trail,,,,,,,,令投射物留下腐蚀性的闪光轨迹,,,,,|RU_missing|PTBR_missing
action_name_cc_glimmer_slicing_liquid,Slicing Liquid Glimmer,,,,,,,,,,,,,|RU_missing|PTBR_missing|CN_missing
action_desc_cc_ge_glimmer_slicing_liquid,Gives a projectile a silvery sparkly trail,,,,,,,,令投射物留下银色的闪光轨迹,,,,,|RU_missing|PTBR_missing
action_name_cc_glimmer_glittering_liquid,Glittering Liquid Glimmer,,,,,,,,,,,,,|RU_missing|PTBR_missing|CN_missing
action_desc_cc_ge_glimmer_glittering_liquid,Gives a projectile a glittering sparkly trail,,,,,,,,令投射物留下充满光耀的闪光轨迹,,,,,|RU_missing|PTBR_missing
action_name_cc_glimmer_explodePlayer,Agitine Glimmer,,,,,,,,,,,,,|RU_missing|PTBR_missing|CN_missing
action_desc_cc_ge_glimmer_explodePlayer,Gives a projectile an agitating sparkly trail,,,,,,,,令投射物留下激发性的闪光轨迹,,,,,|RU_missing|PTBR_missing
action_name_cc_glimmer_nullium,Nullium Glimmer,,,,,,,,,,,,,|RU_missing|PTBR_missing|CN_missing
action_desc_cc_ge_glimmer_nullium,Gives a projectile a degenerative sparkly trail,,,,,,,,令投射物留下恶化的闪光轨迹,,,,degenerate as in the opposite of regenerate,|RU_missing|PTBR_missing
action_name_cc_glimmer_dormant_crystal,Dormant Crystal Glimmer,,,,,,,,,,,,,|RU_missing|PTBR_missing|CN_missing
action_desc_cc_ge_glimmer_dormant_crystal,Gives a projectile a volatile sparkly trail,,,,,,,,令投射物留下易发散的闪光轨迹,,,,,|RU_missing|PTBR_missing
action_name_cc_glimmer_uranium,Uranium Glimmer,,,,,,,,,,,,,|RU_missing|PTBR_missing|CN_missing
action_desc_cc_ge_glimmer_uranium,Gives a projectile a radioactive sparkly trail,,,,,,,,令投射物留下放射性的闪光轨迹,,,,,|RU_missing|PTBR_missing
action_name_cc_glimmer_antimatter_liquid,Anti-Matter Glimmer,,,,,,,,,,,,,|RU_missing|PTBR_missing|CN_missing
action_desc_cc_ge_glimmer_antimatter_liquid,Gives a projectile an annihilative sparkly trail,,,,,,,,令投射物留下湮灭的闪光轨迹,,,,,|RU_missing|PTBR_missing
,,,,,,,,,,,,,,
,,,,,,,,,,,,,,
,,,,,,,,,,,,,,
,,,,,,,,,,,,,,
,,,,,,,,,,,,,,
,,,,,,,,,,,,,       Misc,
,,,,,,,,,,,,,   just misc stuff referring to the name of the mod/developers working on it as well as other misc stuff,
,,,,,,,,,,,,,,
name_mod_cc_global,Chemical Curiosities,,,,,,,,,,,,up to interpretation,
cc_branch_name_aa,Arcane Alchemy,,,,,,,,,,,,up to interpretation,
cc_branch_name_cc,Chemical Curiosities,,,,,,,,,,,,up to interpretation,
cc_branch_name_mm,Mystical Mixtures,,,,,,,,,,,,up to interpretation,
cc_branch_name_ff,Fluent Fluids,,,,,,,,,,,,up to interpretation,
cc_branch_name_t,Terror.,,,,,,,,,,,,up to interpretation,
,,,,,,,,,,,,,,
cc_name_evaisa,Evaisa,,,,,,,,,,,,,
cc_name_squirrelly,Squirrelly,,,,,,,,,,,,,
cc_name_userk,UserK,,,,,,,,,,,,,
cc_name_alexgod,Alex(GoD),,,,,,,,,,,,,
cc_name_lamia,Lamia,,,,,,,,,,,,,
cc_name_absent_friend,Absent Friend,,,,,,,,,,,,,
cc_name_dylan_rhodes,Dylan Rhodes Taha,,,,,,,,,,,,,
cc_name_singularity_neko,SingularityNeko,,,,,,,,,,,,,
,,,,,,,,,,,,,,
,,,,,,,,,,,,,,
